clip,lip_model,job_id,submitted_clip,final_video,audio_dub_video,vietnamese_audio_aligned
bbc_beach,iplap_classic,20260827_091005_3232f296,bbc_beach,artifacts/bbc_beach/iplap_classic/loratalk_translated_face.mp4,artifacts/bbc_beach/iplap_classic/source_with_vietnamese_audio.mp4,artifacts/bbc_beach/iplap_classic/vietnamese_tts_aligned.wav
bbc_beach,latentsync_16,20260827_091005_ee3e12c6,bbc_beach,artifacts/bbc_beach/latentsync_16/latentsync_translated_face.mp4,artifacts/bbc_beach/latentsync_16/source_with_vietnamese_audio.mp4,artifacts/bbc_beach/latentsync_16/vietnamese_tts_aligned.wav
bbc_beach,loratalk_paa,20260827_091005_7cd1d605,bbc_beach,artifacts/bbc_beach/loratalk_paa/loratalk_translated_face.mp4,artifacts/bbc_beach/loratalk_paa/source_with_vietnamese_audio.mp4,artifacts/bbc_beach/loratalk_paa/vietnamese_tts_aligned.wav
bbc_odesa,iplap_classic,20260827_094435_dcba4bbb,bbc_odesa_retry,artifacts/bbc_odesa/iplap_classic/loratalk_translated_face.mp4,artifacts/bbc_odesa/iplap_classic/source_with_vietnamese_audio.mp4,artifacts/bbc_odesa/iplap_classic/vietnamese_tts_aligned.wav
bbc_odesa,latentsync_16,20260827_094434_c6d487f2,bbc_odesa_retry,artifacts/bbc_odesa/latentsync_16/latentsync_translated_face.mp4,artifacts/bbc_odesa/latentsync_16/source_with_vietnamese_audio.mp4,artifacts/bbc_odesa/latentsync_16/vietnamese_tts_aligned.wav
bbc_odesa,loratalk_paa,20260827_094433_13b74432,bbc_odesa_retry,artifacts/bbc_odesa/loratalk_paa/loratalk_translated_face.mp4,artifacts/bbc_odesa/loratalk_paa/source_with_vietnamese_audio.mp4,artifacts/bbc_odesa/loratalk_paa/vietnamese_tts_aligned.wav
vt_schools,iplap_classic,20260827_093447_8a8a6ad7,vt_schools_retry,artifacts/vt_schools/iplap_classic/loratalk_translated_face.mp4,artifacts/vt_schools/iplap_classic/source_with_vietnamese_audio.mp4,artifacts/vt_schools/iplap_classic/vietnamese_tts_aligned.wav
vt_schools,latentsync_16,20260827_093447_c7701e2f,vt_schools_retry,artifacts/vt_schools/latentsync_16/latentsync_translated_face.mp4,artifacts/vt_schools/latentsync_16/source_with_vietnamese_audio.mp4,artifacts/vt_schools/latentsync_16/vietnamese_tts_aligned.wav
vt_schools,loratalk_paa,20260827_093447_d49b207d,vt_schools_retry,artifacts/vt_schools/loratalk_paa/loratalk_translated_face.mp4,artifacts/vt_schools/loratalk_paa/source_with_vietnamese_audio.mp4,artifacts/vt_schools/loratalk_paa/vietnamese_tts_aligned.wav
